{
  "bg": 175, 
  "temp": "absolute", 
  "snoozeBG": 149, 
  "recieved": true, 
  "predBGs": {
    "COB": [
      175, 
      175, 
      175, 
      175, 
      175, 
      175, 
      175, 
      174, 
      173, 
      172, 
      171, 
      169, 
      167, 
      165, 
      162, 
      160, 
      158, 
      156, 
      153, 
      151, 
      150, 
      148, 
      147, 
      146, 
      145, 
      144, 
      144, 
      144, 
      145, 
      146, 
      147, 
      148, 
      150, 
      152, 
      154, 
      157, 
      159
    ], 
    "aCOB": [
      175, 
      180, 
      184, 
      189, 
      193, 
      197, 
      201, 
      204, 
      207, 
      209, 
      211, 
      213, 
      214, 
      214, 
      215, 
      215, 
      215, 
      215, 
      215, 
      214, 
      214, 
      214, 
      214, 
      214, 
      214, 
      214, 
      215, 
      215, 
      216, 
      217, 
      218, 
      219, 
      221, 
      222, 
      224, 
      225, 
      226
    ], 
    "IOB": [
      175, 
      175, 
      174, 
      173, 
      171, 
      170, 
      167, 
      164, 
      160, 
      156, 
      151, 
      145, 
      139, 
      132, 
      126, 
      119, 
      113, 
      107, 
      101, 
      95, 
      89, 
      84, 
      78, 
      74, 
      69, 
      65, 
      62, 
      58, 
      55, 
      53, 
      51, 
      49, 
      47, 
      46, 
      45, 
      45, 
      44
    ]
  }, 
  "rate": 1.95, 
  "reason": "COB: 54, Dev: 30, BGI: -5.05, Target: 115; Eventual BG 159>=115, 30m@1.330 = 0.665 > req 0.5182926829268293+0.1U", 
  "eventualBG": 159, 
  "timestamp": "2016-04-28T23:08:43.283201", 
  "duration": 30, 
  "tick": "+0"
}