{
  "bg": 133, 
  "temp": "absolute", 
  "snoozeBG": 144, 
  "recieved": true, 
  "predBGs": {
    "COB": [
      133, 
      135, 
      137, 
      138, 
      140, 
      142, 
      144, 
      145, 
      147, 
      148, 
      150, 
      151, 
      152, 
      153, 
      154, 
      155, 
      155, 
      156, 
      156, 
      157, 
      157, 
      158, 
      158, 
      159, 
      160, 
      161, 
      162, 
      164, 
      165, 
      167, 
      169, 
      171, 
      173, 
      175, 
      178, 
      180, 
      183
    ], 
    "aCOB": [
      133, 
      140, 
      146, 
      152, 
      159, 
      164, 
      170, 
      176, 
      181, 
      186, 
      191, 
      195, 
      199, 
      203, 
      206, 
      210, 
      213, 
      215, 
      218, 
      220, 
      222, 
      224, 
      226, 
      228, 
      230, 
      232, 
      234, 
      236, 
      238, 
      239, 
      241, 
      243, 
      245, 
      246, 
      248, 
      250, 
      251
    ], 
    "IOB": [
      133, 
      134, 
      135, 
      136, 
      137, 
      137, 
      136, 
      135, 
      134, 
      132, 
      130, 
      127, 
      124, 
      121, 
      117, 
      114, 
      110, 
      107, 
      103, 
      100, 
      96, 
      93, 
      90, 
      87, 
      84, 
      82, 
      80, 
      77, 
      76, 
      74, 
      72, 
      71, 
      70, 
      69, 
      68, 
      68, 
      67
    ]
  }, 
  "rate": 1.425, 
  "reason": "COB: 53, Dev: 31, BGI: -3.24, Target: 115; Eventual BG 183>=115, 23m@1.470 = 0.564 > req 0.3805774278215223+0.1U", 
  "eventualBG": 183, 
  "timestamp": "2016-04-28T15:21:21.438726", 
  "duration": 30, 
  "tick": "+2"
}