{
  "bg": 139, 
  "temp": "absolute", 
  "snoozeBG": 131, 
  "recieved": true, 
  "predBGs": {
    "COB": [
      139, 
      140, 
      141, 
      141, 
      141, 
      141, 
      141, 
      141, 
      141, 
      140, 
      140, 
      139, 
      138, 
      137, 
      136, 
      136, 
      135, 
      134, 
      133, 
      132, 
      132, 
      132, 
      131, 
      131, 
      131, 
      131, 
      132, 
      132, 
      132, 
      133, 
      133, 
      134, 
      135, 
      136, 
      137, 
      138, 
      139
    ], 
    "aCOB": [
      139, 
      148, 
      156, 
      163, 
      170, 
      176, 
      182, 
      187, 
      191, 
      195, 
      199, 
      202, 
      204, 
      206, 
      207, 
      208, 
      209, 
      209, 
      209, 
      209, 
      208, 
      207, 
      206, 
      205, 
      203, 
      202, 
      201, 
      199, 
      198, 
      198, 
      197, 
      196, 
      196, 
      195, 
      195, 
      194
    ], 
    "IOB": [
      139, 
      140, 
      140, 
      140, 
      140, 
      139, 
      139, 
      137, 
      136, 
      134, 
      132, 
      130, 
      128, 
      125, 
      123, 
      120, 
      118, 
      115, 
      113, 
      111, 
      109, 
      107, 
      105, 
      104, 
      102, 
      101, 
      100, 
      99, 
      98, 
      97, 
      96, 
      95, 
      95, 
      94, 
      94, 
      93
    ]
  }, 
  "rate": 1.425, 
  "reason": "COB: 22, Dev: 11, BGI: -0.84, ISF: 84.2, Target: 115; Eventual BG 139>=115, 26m@0.715 = 0.310 > req 0.19002375296912113+0.1U", 
  "eventualBG": 139, 
  "timestamp": "2016-05-30T23:35:05.979022", 
  "duration": 25, 
  "tick": "+1"
}