{
  "bg": 126, 
  "temp": "absolute", 
  "snoozeBG": 213, 
  "recieved": true, 
  "predBGs": {
    "COB": [
      126, 
      137, 
      146, 
      156, 
      164, 
      172, 
      180, 
      186, 
      192, 
      197, 
      202, 
      206, 
      209, 
      212, 
      213, 
      214, 
      213, 
      212, 
      209, 
      206, 
      202, 
      197, 
      193, 
      188, 
      185, 
      181, 
      178, 
      175, 
      172, 
      169, 
      167, 
      165, 
      163, 
      162, 
      161, 
      160, 
      159
    ], 
    "aCOB": [
      126, 
      128, 
      130, 
      133, 
      135, 
      137, 
      139, 
      141, 
      143, 
      146, 
      148, 
      150, 
      152, 
      154, 
      155, 
      157, 
      158, 
      158, 
      158, 
      158, 
      158, 
      158, 
      158, 
      158, 
      158, 
      159, 
      159, 
      159, 
      159, 
      160, 
      160, 
      160, 
      160, 
      161, 
      161, 
      162
    ], 
    "IOB": [
      126, 
      136, 
      144, 
      152, 
      158, 
      162, 
      165, 
      167, 
      167, 
      167, 
      164, 
      161, 
      156, 
      151, 
      146, 
      141, 
      136, 
      131, 
      125, 
      120, 
      115, 
      110, 
      106, 
      101, 
      97, 
      94, 
      91, 
      88, 
      85, 
      82, 
      80, 
      78, 
      76, 
      75, 
      74, 
      73, 
      72
    ]
  }, 
  "rate": 1.95, 
  "reason": "COB: 43, Dev: 116, BGI: -7.59, Target: 115; Eventual BG 159>=115, 30m@1.500 = 0.750 > req 0.5882352941176471+0.1U", 
  "eventualBG": 159, 
  "timestamp": "2016-05-03T21:55:52.229728", 
  "duration": 30, 
  "tick": "+12"
}