{
  "bg": 110, 
  "temp": "absolute", 
  "snoozeBG": 167, 
  "recieved": true, 
  "predBGs": {
    "COB": [
      110, 
      117, 
      122, 
      127, 
      130, 
      132, 
      133, 
      133, 
      132, 
      131, 
      129, 
      127, 
      125, 
      122, 
      118, 
      115, 
      111, 
      107, 
      103, 
      100, 
      96, 
      92, 
      89, 
      85, 
      82, 
      80, 
      77, 
      75, 
      72, 
      71, 
      69, 
      68, 
      66, 
      65, 
      65, 
      64
    ], 
    "aCOB": [
      110, 
      119, 
      125, 
      129, 
      131, 
      132, 
      132, 
      131, 
      131, 
      130, 
      128, 
      126, 
      123, 
      120, 
      117, 
      113, 
      110, 
      106, 
      102, 
      98, 
      94, 
      91, 
      87, 
      84, 
      81, 
      78, 
      76, 
      73, 
      71, 
      69, 
      68, 
      66, 
      65, 
      64, 
      63, 
      63, 
      62
    ], 
    "IOB": [
      110, 
      117, 
      124, 
      130, 
      135, 
      139, 
      143, 
      145, 
      147, 
      148, 
      147, 
      146, 
      143, 
      140, 
      137, 
      133, 
      129, 
      126, 
      122, 
      118, 
      114, 
      110, 
      107, 
      104, 
      101, 
      98, 
      95, 
      93, 
      91, 
      89, 
      87, 
      86, 
      85, 
      84, 
      83, 
      83, 
      82
    ]
  }, 
  "rate": 1.1, 
  "reason": "COB: 6, Dev: 43, BGI: 0.76, Target: 115; Eventual BG 120>=115, 27m@1.075 = 0.484 > req 0.07936507936507936+0.1U", 
  "eventualBG": 120, 
  "timestamp": "2016-05-08T23:04:42.950720", 
  "duration": 30, 
  "tick": "+8"
}