{
  "bg": 233, 
  "temp": "absolute", 
  "snoozeBG": 132, 
  "recieved": true, 
  "predBGs": {
    "IOB": [
      233, 
      231, 
      228, 
      224, 
      220, 
      216, 
      210, 
      205, 
      199, 
      192, 
      185, 
      178, 
      171, 
      164, 
      157, 
      150, 
      144, 
      139, 
      133, 
      129, 
      124, 
      121, 
      117, 
      114, 
      111, 
      109, 
      107, 
      105, 
      103, 
      102, 
      101, 
      100, 
      100, 
      99, 
      99, 
      98
    ]
  }, 
  "rate": 0.65, 
  "reason": "COB: 0, Dev: 41, BGI: -8.79, Target: 115; Eventual BG 132>=115, max_iob 2, 13m@1.400 = 0.303 > req 0.10099999999999998+0.1U", 
  "eventualBG": 132, 
  "timestamp": "2016-05-02T00:01:03.304566", 
  "duration": 30, 
  "tick": -2
}