{
  "bg": 105, 
  "temp": "absolute", 
  "snoozeBG": 116, 
  "recieved": true, 
  "predBGs": {
    "COB": [
      105, 
      106, 
      107, 
      108, 
      110, 
      112, 
      114, 
      116, 
      118, 
      120, 
      122, 
      125, 
      127, 
      130, 
      133, 
      135, 
      138, 
      140, 
      143, 
      145, 
      148, 
      150, 
      152, 
      155, 
      157, 
      159, 
      162, 
      164, 
      166, 
      168, 
      170, 
      172, 
      174, 
      176, 
      177, 
      179, 
      181
    ], 
    "aCOB": [
      105, 
      112, 
      118, 
      125, 
      131, 
      137, 
      144, 
      150, 
      155, 
      161, 
      167, 
      172, 
      177, 
      182, 
      186, 
      191, 
      195, 
      198, 
      202, 
      205, 
      207, 
      210, 
      212, 
      214, 
      215, 
      216, 
      217, 
      217, 
      217, 
      217, 
      217, 
      216, 
      216, 
      216, 
      216, 
      215
    ], 
    "IOB": [
      105, 
      106, 
      106, 
      107, 
      107, 
      108, 
      108, 
      108, 
      108, 
      108, 
      107, 
      107, 
      106, 
      105, 
      104, 
      104, 
      103, 
      103, 
      102, 
      102, 
      101, 
      101, 
      100, 
      100, 
      99, 
      99, 
      99, 
      98, 
      98, 
      97, 
      97, 
      97, 
      96
    ]
  }, 
  "rate": 0.5, 
  "reason": "COB: 34, Dev: 22, BGI: -3.07, Target: 115; Eventual BG 181>=115, 26m@0.560 = 0.243 > req 0.014492753623188406+0.1U", 
  "eventualBG": 181, 
  "timestamp": "2016-05-12T00:01:40.450504", 
  "duration": 30, 
  "tick": "+2"
}