{
  "bg": 189, 
  "temp": "absolute", 
  "snoozeBG": 178, 
  "recieved": true, 
  "predBGs": {
    "COB": [
      189, 
      192, 
      195, 
      198, 
      201, 
      202, 
      204, 
      205, 
      205, 
      204, 
      203, 
      201, 
      199, 
      196, 
      193, 
      190, 
      186, 
      182, 
      179, 
      175, 
      172, 
      169, 
      166, 
      163, 
      161, 
      159, 
      157, 
      155, 
      154, 
      153, 
      152, 
      151, 
      150
    ], 
    "aCOB": [
      189, 
      196, 
      203, 
      209, 
      214, 
      218, 
      222, 
      225, 
      227, 
      228, 
      228, 
      227, 
      226, 
      223, 
      220, 
      217, 
      213, 
      209, 
      204, 
      200, 
      195, 
      190, 
      185, 
      180, 
      175, 
      171, 
      167, 
      164, 
      160, 
      158, 
      155, 
      154, 
      152, 
      151, 
      150, 
      149
    ], 
    "IOB": [
      189, 
      192, 
      194, 
      196, 
      197, 
      197, 
      197, 
      195, 
      192, 
      189, 
      184, 
      178, 
      172, 
      165, 
      158, 
      151, 
      144, 
      137, 
      130, 
      123, 
      117, 
      111, 
      105, 
      100, 
      96, 
      91, 
      87, 
      84, 
      81, 
      78, 
      76, 
      74, 
      72, 
      71, 
      70, 
      69
    ]
  }, 
  "rate": 1.95, 
  "reason": "COB: 28, Dev: 39, BGI: -2.45, Target: 115; Eventual BG 150>=115, 29m@1.360 = 0.657 > req 0.5208333333333333+0.1U", 
  "eventualBG": 150, 
  "timestamp": "2016-04-27T22:23:49.762200", 
  "duration": 30, 
  "tick": "+4"
}