{
  "bg": 149, 
  "temp": "absolute", 
  "snoozeBG": 130, 
  "recieved": true, 
  "predBGs": {
    "COB": [
      149, 
      149, 
      149, 
      149, 
      148, 
      148, 
      147, 
      145, 
      144, 
      142, 
      139, 
      136, 
      133, 
      130, 
      128, 
      125, 
      122, 
      119, 
      117, 
      115, 
      112, 
      110, 
      108, 
      107, 
      105, 
      104, 
      102, 
      101, 
      100, 
      99, 
      98, 
      97, 
      97, 
      96, 
      96, 
      95
    ], 
    "aCOB": [
      149, 
      153, 
      155, 
      156, 
      155, 
      152, 
      149, 
      146, 
      143, 
      140, 
      137, 
      134, 
      131, 
      128, 
      125, 
      122, 
      120, 
      117, 
      115, 
      112, 
      110, 
      108, 
      106, 
      104, 
      103, 
      101, 
      100, 
      99, 
      98, 
      97, 
      96, 
      95, 
      94, 
      94, 
      93
    ], 
    "IOB": [
      149, 
      149, 
      149, 
      149, 
      149, 
      148, 
      147, 
      146, 
      145, 
      143, 
      141, 
      138, 
      135, 
      132, 
      130, 
      127, 
      124, 
      121, 
      119, 
      117, 
      114, 
      112, 
      110, 
      109, 
      107, 
      106, 
      104, 
      103, 
      102, 
      101, 
      100, 
      99, 
      99, 
      98, 
      98, 
      97
    ]
  }, 
  "rate": 0.575, 
  "reason": "COB: 4, Dev: 29, BGI: -4.22, ISF: 109.6, Target: 115; Eventual BG 130>=115, 28m@0.740 = 0.345 > req 0.13686131386861314+0.1U", 
  "eventualBG": 130, 
  "timestamp": "2016-05-31T00:43:57.260827", 
  "duration": 30, 
  "tick": "+1"
}