{
  "requested": {
    "duration": 30, 
    "rate": 0.75, 
    "temp": "absolute"
  }, 
  "bg": 116, 
  "temp": "absolute", 
  "snoozeBG": 123, 
  "timestamp": "2016-05-11T00:09:58.472794", 
  "predBGs": {
    "COB": [
      116, 
      116, 
      117, 
      118, 
      120, 
      121, 
      123, 
      126, 
      128, 
      131, 
      134, 
      136, 
      139, 
      142, 
      145, 
      148, 
      151, 
      154, 
      157, 
      159, 
      162, 
      165, 
      168, 
      171, 
      174, 
      177, 
      180, 
      183, 
      186, 
      189, 
      193, 
      196, 
      199, 
      202, 
      206, 
      209, 
      212
    ], 
    "aCOB": [
      116, 
      120, 
      125, 
      130, 
      135, 
      140, 
      145, 
      150, 
      155, 
      161, 
      166, 
      172, 
      177, 
      183, 
      188, 
      193, 
      198, 
      202, 
      207, 
      211, 
      215, 
      219, 
      223, 
      227, 
      231, 
      235, 
      239, 
      242, 
      246, 
      249, 
      253, 
      256, 
      259, 
      262, 
      265, 
      268, 
      270
    ], 
    "IOB": [
      116, 
      116, 
      116, 
      116, 
      116, 
      115, 
      114, 
      114, 
      113, 
      112, 
      110, 
      108, 
      106, 
      104, 
      102, 
      100, 
      98, 
      96, 
      94, 
      92, 
      91, 
      89, 
      87, 
      86, 
      85, 
      83, 
      82, 
      82, 
      81, 
      80, 
      79, 
      79, 
      79, 
      78
    ]
  }, 
  "rate": 0.75, 
  "reason": "COB: 59, Dev: 39, BGI: -5.44, Target: 115; Eventual BG 212>=115, 24m@0.590 = 0.236 > req 0.11904761904761904+0.1U", 
  "eventualBG": 212, 
  "recieved": false, 
  "duration": 30, 
  "tick": "+1"
}