{
  "requested": {
    "duration": 30, 
    "rate": 0.65, 
    "temp": "absolute"
  }, 
  "bg": 155, 
  "temp": "absolute", 
  "snoozeBG": 122, 
  "timestamp": "2016-04-28T02:34:04.105862", 
  "predBGs": {
    "IOB": [
      155, 
      154, 
      154, 
      153, 
      152, 
      151, 
      149, 
      147, 
      146, 
      143, 
      141, 
      139, 
      136, 
      133, 
      130, 
      127, 
      125, 
      122, 
      119, 
      116, 
      114, 
      111, 
      109, 
      107, 
      105, 
      104, 
      102, 
      101, 
      100, 
      99, 
      98, 
      97, 
      97, 
      96, 
      96, 
      96, 
      95
    ]
  }, 
  "rate": 0.275, 
  "reason": "COB: 0, Dev: 5, BGI: -0.58, Target: 115; Eventual BG 122>=115, 26m@0.590 = 0.256 > req 0.08403361344537816+0.1U", 
  "eventualBG": 122, 
  "recieved": false, 
  "duration": 30, 
  "tick": -1
}