{
  "bg": 162, 
  "temp": "absolute", 
  "snoozeBG": 134, 
  "recieved": true, 
  "predBGs": {
    "COB": [
      162, 
      162, 
      162, 
      162, 
      162, 
      161, 
      160, 
      159, 
      158, 
      157, 
      155, 
      154, 
      152, 
      150, 
      148, 
      147, 
      145, 
      143, 
      142, 
      140, 
      139, 
      138, 
      137, 
      136, 
      135, 
      135, 
      134, 
      134, 
      134, 
      134, 
      134, 
      134, 
      134, 
      134, 
      135
    ], 
    "aCOB": [
      162, 
      169, 
      174, 
      179, 
      183, 
      187, 
      189, 
      190, 
      191, 
      191, 
      190, 
      188, 
      186, 
      183, 
      179, 
      175, 
      171, 
      168, 
      164, 
      161, 
      158, 
      155, 
      153, 
      150, 
      148, 
      146, 
      144, 
      143, 
      142, 
      140, 
      139, 
      138, 
      138, 
      137, 
      136, 
      136, 
      135
    ], 
    "IOB": [
      162, 
      162, 
      162, 
      161, 
      160, 
      158, 
      156, 
      154, 
      151, 
      148, 
      145, 
      141, 
      137, 
      133, 
      130, 
      126, 
      122, 
      119, 
      115, 
      112, 
      109, 
      106, 
      103, 
      101, 
      99, 
      97, 
      95, 
      94, 
      92, 
      91, 
      90, 
      89, 
      88, 
      88, 
      87, 
      86
    ]
  }, 
  "rate": 1.3, 
  "reason": "COB: 15, Dev: 16, BGI: -2.6, Target: 115; Eventual BG 135>=115, 29m@0.950 = 0.459 > req 0.25165562913907286+0.1U", 
  "eventualBG": 135, 
  "timestamp": "2016-05-05T23:45:43.013118", 
  "duration": 30, 
  "tick": "+0"
}