{
  "bg": 189, 
  "temp": "absolute", 
  "snoozeBG": 126, 
  "recieved": true, 
  "predBGs": {
    "COB": [
      189, 
      191, 
      191, 
      192, 
      191, 
      190, 
      187, 
      184, 
      181, 
      176, 
      172, 
      167, 
      162, 
      157, 
      152, 
      148, 
      144, 
      140, 
      136, 
      133, 
      130, 
      128, 
      127, 
      125, 
      125, 
      124, 
      125, 
      125, 
      126, 
      128, 
      130, 
      132, 
      135, 
      137, 
      140, 
      143, 
      146
    ], 
    "aCOB": [
      189, 
      195, 
      201, 
      206, 
      210, 
      213, 
      214, 
      215, 
      216, 
      215, 
      214, 
      213, 
      211, 
      209, 
      207, 
      206, 
      204, 
      203, 
      202, 
      201, 
      200, 
      200, 
      200, 
      201, 
      201, 
      203, 
      204, 
      206, 
      208, 
      210, 
      213, 
      216, 
      219, 
      222, 
      225, 
      228, 
      230
    ], 
    "IOB": [
      189, 
      190, 
      190, 
      189, 
      187, 
      184, 
      180, 
      174, 
      167, 
      160, 
      152, 
      143, 
      133, 
      124, 
      115, 
      106, 
      98, 
      90, 
      82, 
      75, 
      68, 
      62, 
      56, 
      51, 
      47, 
      42, 
      39
    ]
  }, 
  "rate": 1.25, 
  "reason": "COB: 63, Dev: 32, BGI: -3.4, Target: 115; Eventual BG 146>=115, 20m@1.340 = 0.447 > req 0.16641452344931923+0.1U", 
  "eventualBG": 146, 
  "timestamp": "2016-05-10T22:25:40.449920", 
  "duration": 30, 
  "tick": "+2"
}