{
  "bg": 92, 
  "temp": "absolute", 
  "snoozeBG": 132, 
  "recieved": true, 
  "predBGs": {
    "COB": [
      92, 
      94, 
      96, 
      99, 
      102, 
      105, 
      109, 
      113, 
      116, 
      120, 
      124, 
      128, 
      131, 
      134, 
      136, 
      138, 
      140, 
      141, 
      142, 
      143, 
      144, 
      145, 
      146, 
      147, 
      147, 
      148, 
      149, 
      150, 
      150, 
      151, 
      152, 
      153, 
      154, 
      155, 
      157, 
      158, 
      160
    ], 
    "aCOB": [
      92, 
      101, 
      111, 
      121, 
      131, 
      140, 
      150, 
      159, 
      169, 
      178, 
      187, 
      196, 
      204, 
      211, 
      218, 
      224, 
      229, 
      234, 
      238, 
      242, 
      246, 
      249, 
      252, 
      255, 
      257, 
      259, 
      261, 
      263, 
      265, 
      266, 
      267, 
      268, 
      269, 
      269, 
      270
    ], 
    "IOB": [
      92, 
      94, 
      96, 
      98, 
      100, 
      103, 
      105, 
      108, 
      110, 
      112, 
      114, 
      116, 
      117, 
      118, 
      118, 
      118, 
      118, 
      117, 
      116, 
      115, 
      114, 
      113, 
      112, 
      110, 
      109, 
      108, 
      107, 
      105, 
      104, 
      103, 
      102, 
      102, 
      101, 
      100, 
      99
    ]
  }, 
  "rate": 1.1, 
  "reason": "COB: 36, Dev: 14, BGI: -0.29, ISF: 84.2, Target: 115; Eventual BG 160>=115, 25m@1.040 = 0.433 > req 0.20190023752969122+0.1U", 
  "eventualBG": 160, 
  "timestamp": "2016-05-28T23:02:49.227003", 
  "duration": 30, 
  "tick": "+2"
}