{
  "bg": 148, 
  "temp": "absolute", 
  "snoozeBG": 133, 
  "recieved": true, 
  "predBGs": {
    "COB": [
      148, 
      148, 
      149, 
      149, 
      149, 
      149, 
      149, 
      148, 
      148, 
      148, 
      147, 
      147, 
      146, 
      145, 
      144, 
      143, 
      142, 
      140, 
      139, 
      138, 
      137, 
      135, 
      135, 
      134, 
      133, 
      133, 
      133, 
      133, 
      133, 
      134, 
      134, 
      135, 
      136, 
      136, 
      137, 
      138, 
      139
    ], 
    "aCOB": [
      148, 
      155, 
      161, 
      166, 
      171, 
      176, 
      180, 
      183, 
      186, 
      188, 
      190, 
      191, 
      192, 
      192, 
      191, 
      190, 
      189, 
      187, 
      184, 
      181, 
      178, 
      175, 
      172, 
      169, 
      166, 
      164, 
      162, 
      160, 
      159, 
      157, 
      156, 
      155, 
      154, 
      154, 
      153, 
      153, 
      152
    ], 
    "IOB": [
      148, 
      148, 
      148, 
      147, 
      147, 
      146, 
      144, 
      142, 
      140, 
      138, 
      135, 
      132, 
      129, 
      125, 
      122, 
      118, 
      114, 
      111, 
      107, 
      103, 
      100, 
      97, 
      94, 
      91, 
      89, 
      86, 
      84, 
      82, 
      81, 
      80, 
      78, 
      77, 
      77, 
      76, 
      75
    ]
  }, 
  "rate": 1.3, 
  "reason": "COB: 22, Dev: 20, BGI: -2.94, ISF: 73.4, Target: 115; Eventual BG 139>=115, 29m@0.930 = 0.450 > req 0.24523160762942778+0.1U", 
  "eventualBG": 139, 
  "timestamp": "2016-05-31T22:43:21.542302", 
  "duration": 30, 
  "tick": "+2"
}