{
  "bg": 115, 
  "temp": "absolute", 
  "snoozeBG": 126, 
  "recieved": true, 
  "predBGs": {
    "COB": [
      115, 
      116, 
      118, 
      119, 
      121, 
      124, 
      126, 
      129, 
      132, 
      135, 
      139, 
      142, 
      146, 
      149, 
      153, 
      156, 
      160, 
      163, 
      166, 
      170, 
      173, 
      176, 
      179, 
      182, 
      185, 
      189, 
      192, 
      195, 
      199, 
      202, 
      206, 
      209, 
      212, 
      216, 
      219, 
      222, 
      225
    ], 
    "aCOB": [
      115, 
      119, 
      123, 
      128, 
      132, 
      137, 
      142, 
      147, 
      152, 
      158, 
      163, 
      168, 
      174, 
      179, 
      184, 
      189, 
      194, 
      198, 
      203, 
      207, 
      211, 
      215, 
      219, 
      223, 
      227, 
      230, 
      234, 
      238, 
      241, 
      244, 
      248, 
      251, 
      254, 
      257, 
      260, 
      262, 
      265
    ], 
    "IOB": [
      115, 
      116, 
      116, 
      116, 
      117, 
      116, 
      116, 
      115, 
      115, 
      113, 
      112, 
      110, 
      108, 
      106, 
      104, 
      102, 
      100, 
      98, 
      96, 
      94, 
      92, 
      90, 
      89, 
      87, 
      86, 
      84, 
      83, 
      82, 
      81, 
      81, 
      80, 
      79, 
      79, 
      79, 
      78
    ]
  }, 
  "rate": 1.1, 
  "reason": "COB: 59, Dev: 41, BGI: -5.75, Target: 115; Eventual BG 225>=115, 28m@0.590 = 0.275 > req 0.1636904761904762+0.1U", 
  "eventualBG": 225, 
  "timestamp": "2016-05-11T00:04:42.136303", 
  "duration": 27, 
  "tick": "+1"
}