{
  "bg": 96, 
  "temp": "absolute", 
  "snoozeBG": 120, 
  "recieved": true, 
  "predBGs": {
    "COB": [
      96, 
      100, 
      103, 
      107, 
      112, 
      116, 
      120, 
      125, 
      129, 
      133, 
      137, 
      142, 
      145, 
      149, 
      153, 
      156, 
      159, 
      162, 
      164, 
      167, 
      169, 
      171, 
      173, 
      174, 
      174, 
      174, 
      174, 
      173, 
      172, 
      171, 
      170, 
      169, 
      168, 
      167, 
      167, 
      166
    ], 
    "aCOB": [
      96, 
      97, 
      98, 
      99, 
      101, 
      104, 
      106, 
      109, 
      112, 
      115, 
      118, 
      121, 
      124, 
      127, 
      131, 
      134, 
      137, 
      140, 
      143, 
      146, 
      149, 
      152, 
      155, 
      157, 
      159, 
      161, 
      163, 
      164, 
      165, 
      166, 
      167, 
      167, 
      167, 
      168, 
      168, 
      167
    ], 
    "IOB": [
      96, 
      99, 
      101, 
      104, 
      105, 
      107, 
      107, 
      107, 
      107, 
      105, 
      103, 
      101, 
      97, 
      94, 
      91, 
      88, 
      86, 
      83, 
      82, 
      80, 
      79, 
      77, 
      76, 
      75, 
      73, 
      72, 
      71, 
      70, 
      68, 
      67, 
      66, 
      65, 
      64, 
      64, 
      63, 
      63, 
      62
    ]
  }, 
  "rate": 0.925, 
  "reason": "COB: 41, Dev: 78, BGI: -8.99, Target: 115; Eventual BG 166>=115, 27m@1.235 = 0.556 > req 0.07062146892655367+0.1U", 
  "eventualBG": 166, 
  "timestamp": "2016-05-04T21:27:05.557237", 
  "duration": 30, 
  "tick": "+4"
}