{
  "bg": 156, 
  "temp": "absolute", 
  "snoozeBG": 140, 
  "recieved": true, 
  "predBGs": {
    "COB": [
      156, 
      157, 
      158, 
      158, 
      159, 
      159, 
      158, 
      158, 
      157, 
      156, 
      155, 
      154, 
      153, 
      151, 
      150, 
      149, 
      147, 
      146, 
      144, 
      143, 
      142, 
      142, 
      141, 
      141, 
      140, 
      140, 
      141, 
      141, 
      141, 
      141, 
      142, 
      143, 
      143, 
      144, 
      145, 
      145, 
      146
    ], 
    "aCOB": [
      156, 
      162, 
      168, 
      174, 
      178, 
      182, 
      186, 
      188, 
      190, 
      192, 
      192, 
      192, 
      192, 
      191, 
      190, 
      188, 
      186, 
      183, 
      181, 
      178, 
      174, 
      171, 
      168, 
      166, 
      163, 
      161, 
      160, 
      158, 
      157, 
      155, 
      154, 
      153, 
      152, 
      152, 
      151, 
      151, 
      150
    ], 
    "IOB": [
      156, 
      157, 
      157, 
      157, 
      156, 
      155, 
      153, 
      151, 
      148, 
      145, 
      141, 
      137, 
      133, 
      129, 
      124, 
      120, 
      116, 
      112, 
      108, 
      105, 
      101, 
      98, 
      95, 
      93, 
      90, 
      88, 
      87, 
      85, 
      84, 
      82, 
      81, 
      80, 
      79, 
      79, 
      78, 
      78, 
      77
    ]
  }, 
  "rate": 1.5, 
  "reason": "COB: 22, Dev: 24, BGI: -3.02, ISF: 72.7, Target: 115; Eventual BG 146>=115, 29m@0.920 = 0.445 > req 0.34387895460797796+0.1U", 
  "eventualBG": 146, 
  "timestamp": "2016-05-31T23:21:48.608284", 
  "duration": 30, 
  "tick": "+1"
}