{
  "bg": 158, 
  "temp": "absolute", 
  "snoozeBG": 131, 
  "recieved": true, 
  "predBGs": {
    "COB": [
      158, 
      158, 
      158, 
      157, 
      157, 
      156, 
      155, 
      153, 
      152, 
      150, 
      148, 
      147, 
      145, 
      143, 
      141, 
      139, 
      138, 
      136, 
      135, 
      134, 
      133, 
      132, 
      132, 
      132, 
      131, 
      131, 
      132, 
      132, 
      132, 
      133, 
      134, 
      135, 
      135, 
      136, 
      137, 
      138, 
      140
    ], 
    "aCOB": [
      158, 
      164, 
      170, 
      175, 
      179, 
      183, 
      185, 
      188, 
      189, 
      190, 
      191, 
      191, 
      190, 
      189, 
      188, 
      186, 
      184, 
      182, 
      179, 
      177, 
      173, 
      171, 
      168, 
      166, 
      164, 
      162, 
      160, 
      158, 
      157, 
      156, 
      155, 
      154, 
      154, 
      153, 
      153, 
      152
    ], 
    "IOB": [
      158, 
      158, 
      157, 
      156, 
      154, 
      152, 
      150, 
      147, 
      144, 
      140, 
      136, 
      132, 
      128, 
      123, 
      119, 
      115, 
      111, 
      107, 
      103, 
      100, 
      97, 
      94, 
      91, 
      89, 
      87, 
      85, 
      83, 
      82, 
      80, 
      79, 
      78, 
      77, 
      77, 
      76, 
      76, 
      75
    ]
  }, 
  "rate": 1.25, 
  "reason": "COB: 22, Dev: 20, BGI: -3.27, ISF: 72.7, Target: 115; Eventual BG 140>=115, 23m@0.870 = 0.334 > req 0.2200825309491059+0.1U", 
  "eventualBG": 140, 
  "timestamp": "2016-05-31T23:33:25.831875", 
  "duration": 30, 
  "tick": "+0"
}