{
  "bg": 188, 
  "temp": "absolute", 
  "snoozeBG": 147, 
  "recieved": true, 
  "predBGs": {
    "COB": [
      188, 
      188, 
      188, 
      188, 
      187, 
      186, 
      184, 
      182, 
      179, 
      177, 
      173, 
      169, 
      165, 
      161, 
      156, 
      152, 
      147, 
      143, 
      138, 
      135, 
      131, 
      128, 
      125, 
      122, 
      120, 
      118, 
      116, 
      115, 
      114, 
      114, 
      114, 
      114, 
      114, 
      114, 
      115, 
      116, 
      117
    ], 
    "aCOB": [
      188, 
      196, 
      203, 
      209, 
      214, 
      218, 
      222, 
      224, 
      226, 
      227, 
      226, 
      225, 
      223, 
      221, 
      217, 
      213, 
      209, 
      204, 
      199, 
      194, 
      189, 
      184, 
      179, 
      175, 
      172, 
      168, 
      165, 
      162, 
      160, 
      158, 
      157, 
      155, 
      154, 
      153, 
      153, 
      152
    ], 
    "IOB": [
      188, 
      188, 
      188, 
      187, 
      186, 
      184, 
      181, 
      178, 
      174, 
      170, 
      165, 
      160, 
      154, 
      148, 
      141, 
      135, 
      129, 
      123, 
      117, 
      111, 
      106, 
      101, 
      97, 
      93, 
      89, 
      86, 
      83, 
      80, 
      78, 
      76, 
      74, 
      73, 
      72, 
      71, 
      70
    ]
  }, 
  "rate": 1.1, 
  "reason": "COB: 27, Dev: 10, BGI: -1.69, Target: 115; Eventual BG 117>=115, 22m@1.220 = 0.447 > req 0.03424657534246575+0.1U", 
  "eventualBG": 117, 
  "timestamp": "2016-05-09T22:39:47.384484", 
  "duration": 30, 
  "tick": "+0"
}