{
  "bg": 140, 
  "temp": "absolute", 
  "snoozeBG": 119, 
  "recieved": true, 
  "predBGs": {
    "COB": [
      140, 
      142, 
      144, 
      145, 
      146, 
      146, 
      146, 
      145, 
      144, 
      143, 
      141, 
      139, 
      137, 
      135, 
      133, 
      130, 
      128, 
      126, 
      124, 
      123, 
      121, 
      120, 
      119, 
      119, 
      119, 
      119, 
      119, 
      119, 
      120, 
      121, 
      122, 
      124, 
      125, 
      127, 
      129, 
      131, 
      133
    ], 
    "aCOB": [
      140, 
      149, 
      157, 
      164, 
      171, 
      177, 
      182, 
      186, 
      190, 
      193, 
      196, 
      198, 
      200, 
      202, 
      203, 
      204, 
      205, 
      206, 
      206, 
      207, 
      207, 
      208, 
      208, 
      209, 
      210, 
      210, 
      211, 
      212, 
      212, 
      213, 
      214, 
      214, 
      215, 
      215, 
      215, 
      216, 
      215
    ], 
    "IOB": [
      140, 
      142, 
      143, 
      143, 
      143, 
      142, 
      141, 
      139, 
      136, 
      132, 
      128, 
      124, 
      119, 
      114, 
      109, 
      104, 
      99, 
      95, 
      90, 
      86, 
      82, 
      78, 
      75, 
      72, 
      69, 
      67, 
      65, 
      63, 
      61, 
      60, 
      59, 
      58, 
      57, 
      57, 
      56
    ]
  }, 
  "rate": 0.5, 
  "reason": "COB: 36, Dev: 19, BGI: -1.13, ISF: 80.8, Target: 115; Eventual BG 133>=115, 21m@0.955 = 0.334 > req 0.04950495049504951+0.1U", 
  "eventualBG": 133, 
  "timestamp": "2016-05-30T00:03:36.013924", 
  "duration": 30, 
  "tick": "+2"
}