{
  "bg": 201, 
  "temp": "absolute", 
  "snoozeBG": 154, 
  "recieved": true, 
  "predBGs": {
    "COB": [
      201, 
      205, 
      208, 
      210, 
      212, 
      213, 
      213, 
      213, 
      211, 
      210, 
      207, 
      204, 
      201, 
      198, 
      194, 
      190, 
      187, 
      183, 
      179, 
      176, 
      172, 
      169, 
      166, 
      164, 
      161, 
      159, 
      158, 
      156, 
      155, 
      154, 
      153, 
      152, 
      151, 
      151, 
      150, 
      149
    ], 
    "aCOB": [
      201, 
      207, 
      213, 
      218, 
      222, 
      225, 
      227, 
      228, 
      228, 
      227, 
      226, 
      223, 
      221, 
      218, 
      214, 
      210, 
      206, 
      202, 
      197, 
      193, 
      188, 
      184, 
      179, 
      175, 
      171, 
      167, 
      163, 
      160, 
      157, 
      155, 
      153, 
      152, 
      150, 
      149, 
      149, 
      148, 
      147
    ], 
    "IOB": [
      201, 
      204, 
      207, 
      208, 
      208, 
      207, 
      205, 
      202, 
      198, 
      192, 
      186, 
      179, 
      171, 
      163, 
      156, 
      148, 
      140, 
      133, 
      126, 
      119, 
      113, 
      107, 
      102, 
      97, 
      92, 
      88, 
      85, 
      82, 
      79, 
      77, 
      75, 
      73, 
      72, 
      71, 
      70, 
      70, 
      69
    ]
  }, 
  "rate": 1.875, 
  "reason": "COB: 29, Dev: 43, BGI: -3.23, Target: 115; Eventual BG 149>=115, 29m@1.360 = 0.657 > req 0.5059523809523809+0.1U", 
  "eventualBG": 149, 
  "timestamp": "2016-04-27T22:41:46.879410", 
  "duration": 30, 
  "tick": "+4"
}