{
  "bg": 162, 
  "temp": "absolute", 
  "snoozeBG": 130, 
  "recieved": true, 
  "predBGs": {
    "COB": [
      162, 
      162, 
      161, 
      160, 
      159, 
      158, 
      157, 
      155, 
      153, 
      152, 
      150, 
      148, 
      146, 
      144, 
      142, 
      140, 
      139, 
      137, 
      136, 
      134, 
      133, 
      132, 
      131, 
      131, 
      130, 
      130, 
      130, 
      130, 
      130, 
      130, 
      130, 
      131, 
      131, 
      132, 
      132, 
      133
    ], 
    "aCOB": [
      162, 
      169, 
      175, 
      180, 
      184, 
      187, 
      189, 
      191, 
      191, 
      191, 
      190, 
      188, 
      185, 
      182, 
      178, 
      175, 
      172, 
      169, 
      166, 
      163, 
      161, 
      158, 
      156, 
      154, 
      152, 
      151, 
      150, 
      148, 
      147, 
      146, 
      146, 
      145, 
      144, 
      144, 
      143
    ], 
    "IOB": [
      162, 
      161, 
      161, 
      159, 
      158, 
      156, 
      154, 
      151, 
      148, 
      145, 
      142, 
      139, 
      135, 
      132, 
      128, 
      125, 
      122, 
      119, 
      116, 
      113, 
      110, 
      108, 
      106, 
      104, 
      102, 
      101, 
      99, 
      98, 
      97, 
      96, 
      95, 
      95, 
      94, 
      94, 
      93
    ]
  }, 
  "rate": 1.175, 
  "reason": "COB: 14, Dev: 14, BGI: -2.34, Target: 115; Eventual BG 133>=115, 29m@0.700 = 0.338 > req 0.1986754966887417+0.1U", 
  "eventualBG": 133, 
  "timestamp": "2016-05-05T23:39:23.801280", 
  "duration": 30, 
  "tick": "+1"
}