{
  "bg": 203, 
  "temp": "absolute", 
  "snoozeBG": 143, 
  "recieved": true, 
  "predBGs": {
    "COB": [
      203, 
      204, 
      205, 
      205, 
      205, 
      204, 
      202, 
      200, 
      197, 
      194, 
      191, 
      187, 
      183, 
      179, 
      175, 
      171, 
      167, 
      163, 
      160, 
      156, 
      153, 
      151, 
      149, 
      147, 
      145, 
      144, 
      143, 
      143, 
      143, 
      143, 
      143, 
      143, 
      144, 
      145, 
      146, 
      147, 
      148
    ], 
    "aCOB": [
      203, 
      209, 
      214, 
      219, 
      222, 
      224, 
      226, 
      227, 
      226, 
      225, 
      224, 
      222, 
      219, 
      216, 
      213, 
      209, 
      205, 
      201, 
      197, 
      193, 
      189, 
      185, 
      181, 
      177, 
      173, 
      169, 
      166, 
      163, 
      161, 
      159, 
      158, 
      156, 
      155, 
      154, 
      154, 
      153
    ], 
    "IOB": [
      203, 
      204, 
      204, 
      204, 
      202, 
      199, 
      196, 
      191, 
      186, 
      180, 
      173, 
      166, 
      158, 
      151, 
      143, 
      136, 
      128, 
      121, 
      115, 
      108, 
      102, 
      97, 
      92, 
      88, 
      83, 
      80, 
      77, 
      74, 
      72, 
      70, 
      68, 
      67, 
      66, 
      65, 
      64, 
      64, 
      63
    ]
  }, 
  "rate": 1.7, 
  "reason": "COB: 29, Dev: 33, BGI: -3.49, Target: 115; Eventual BG 148>=115, 29m@1.110 = 0.536 > req 0.41666666666666663+0.1U", 
  "eventualBG": 148, 
  "timestamp": "2016-04-27T22:46:50.943375", 
  "duration": 30, 
  "tick": "+2"
}