{
  "requested": {
    "duration": 30, 
    "rate": 1.45, 
    "temp": "absolute"
  }, 
  "bg": 150, 
  "temp": "absolute", 
  "snoozeBG": 138, 
  "timestamp": "2016-05-31T22:46:31.441341", 
  "predBGs": {
    "COB": [
      150, 
      151, 
      152, 
      152, 
      153, 
      153, 
      154, 
      154, 
      154, 
      154, 
      154, 
      153, 
      152, 
      152, 
      151, 
      149, 
      148, 
      147, 
      145, 
      144, 
      143, 
      142, 
      141, 
      140, 
      139, 
      139, 
      138, 
      138, 
      138, 
      139, 
      139, 
      139, 
      140, 
      141, 
      141, 
      142, 
      143
    ], 
    "aCOB": [
      150, 
      157, 
      163, 
      168, 
      173, 
      178, 
      181, 
      185, 
      188, 
      190, 
      191, 
      192, 
      193, 
      193, 
      192, 
      191, 
      189, 
      186, 
      183, 
      180, 
      177, 
      173, 
      170, 
      167, 
      164, 
      162, 
      159, 
      157, 
      156, 
      154, 
      153, 
      152, 
      151, 
      150, 
      150, 
      149
    ], 
    "IOB": [
      150, 
      151, 
      151, 
      151, 
      150, 
      150, 
      148, 
      147, 
      145, 
      143, 
      140, 
      137, 
      133, 
      129, 
      125, 
      121, 
      118, 
      114, 
      110, 
      106, 
      102, 
      99, 
      95, 
      92, 
      90, 
      87, 
      85, 
      83, 
      81, 
      80, 
      79, 
      77, 
      77, 
      76, 
      75, 
      75, 
      74
    ]
  }, 
  "rate": 1.875, 
  "reason": "COB: 22, Dev: 23, BGI: -2.9, ISF: 73.4, Target: 115; Eventual BG 143>=115, 29m@1.055 = 0.510 > req 0.31335149863760214+0.1U", 
  "eventualBG": 143, 
  "recieved": false, 
  "duration": 28, 
  "tick": "+2"
}