{
  "bg": 134, 
  "temp": "absolute", 
  "snoozeBG": 136, 
  "recieved": true, 
  "predBGs": {
    "COB": [
      134, 
      136, 
      138, 
      140, 
      141, 
      143, 
      144, 
      145, 
      146, 
      146, 
      146, 
      146, 
      146, 
      145, 
      144, 
      143, 
      142, 
      141, 
      140, 
      139, 
      138, 
      138, 
      137, 
      136, 
      136, 
      136, 
      136, 
      136, 
      136, 
      136, 
      137, 
      138, 
      139, 
      140, 
      141, 
      142, 
      143
    ], 
    "aCOB": [
      134, 
      144, 
      153, 
      162, 
      171, 
      180, 
      188, 
      195, 
      202, 
      209, 
      215, 
      221, 
      226, 
      230, 
      235, 
      239, 
      243, 
      246, 
      249, 
      253, 
      256, 
      259, 
      261, 
      264, 
      267, 
      270, 
      272, 
      275, 
      277, 
      280, 
      282, 
      285, 
      287, 
      290, 
      292, 
      294, 
      296
    ], 
    "IOB": [
      134, 
      136, 
      137, 
      139, 
      140, 
      140, 
      141, 
      141, 
      140, 
      139, 
      137, 
      135, 
      133, 
      131, 
      128, 
      125, 
      122, 
      120, 
      117, 
      114, 
      111, 
      108, 
      106, 
      104, 
      102, 
      100, 
      98, 
      96, 
      94, 
      93, 
      92, 
      91, 
      90, 
      89, 
      89, 
      88
    ]
  }, 
  "rate": 1.35, 
  "reason": "COB: 50, Dev: 12, BGI: 0, Target: 115; Eventual BG 143>=115, 30m@0.800 = 0.400 > req 0.2781456953642384+0.1U", 
  "eventualBG": 143, 
  "timestamp": "2016-05-06T22:32:52.237300", 
  "duration": 30, 
  "tick": "+2"
}