{
  "bg": 199, 
  "temp": "absolute", 
  "snoozeBG": 188, 
  "recieved": true, 
  "predBGs": {
    "COB": [
      199, 
      205, 
      211, 
      216, 
      220, 
      224, 
      226, 
      228, 
      229, 
      228, 
      227, 
      225, 
      222, 
      219, 
      215, 
      211, 
      206, 
      202, 
      197, 
      193, 
      188, 
      184, 
      180, 
      176, 
      172, 
      169, 
      165, 
      162, 
      159, 
      156, 
      153, 
      151, 
      150, 
      148, 
      147, 
      146
    ], 
    "aCOB": [
      199, 
      204, 
      209, 
      213, 
      217, 
      220, 
      222, 
      223, 
      223, 
      222, 
      221, 
      218, 
      215, 
      212, 
      208, 
      204, 
      199, 
      195, 
      190, 
      186, 
      182, 
      178, 
      174, 
      171, 
      168, 
      165, 
      162, 
      160, 
      158, 
      156, 
      154, 
      152, 
      150, 
      149, 
      148, 
      147, 
      146
    ], 
    "IOB": [
      199, 
      205, 
      209, 
      213, 
      215, 
      216, 
      215, 
      213, 
      209, 
      204, 
      198, 
      190, 
      180, 
      171, 
      162, 
      152, 
      143, 
      133, 
      125, 
      116, 
      108, 
      101, 
      94, 
      88, 
      83, 
      78, 
      73, 
      69, 
      66, 
      63, 
      60, 
      58, 
      56, 
      55, 
      54, 
      53, 
      52
    ]
  }, 
  "rate": 1.75, 
  "reason": "COB: 36, Dev: 68, BGI: -4.28, Target: 115; Eventual BG 146>=115, 28m@1.400 = 0.653 > req 0.4378531073446328+0.1U", 
  "eventualBG": 146, 
  "timestamp": "2016-05-02T22:04:00.544606", 
  "duration": 30, 
  "tick": "+7"
}