{
  "requested": {
    "duration": 30, 
    "rate": 1.7, 
    "temp": "absolute"
  }, 
  "bg": 156, 
  "temp": "absolute", 
  "snoozeBG": 160, 
  "timestamp": "2016-04-27T00:03:51.097424", 
  "predBGs": {
    "COB": [
      156, 
      157, 
      158, 
      158, 
      159, 
      160, 
      160, 
      160, 
      161, 
      161, 
      161, 
      162, 
      162, 
      162, 
      162, 
      162, 
      162, 
      162, 
      161, 
      161, 
      161, 
      162, 
      162, 
      162, 
      163, 
      164, 
      164, 
      166, 
      167, 
      168, 
      169, 
      171, 
      172, 
      174, 
      175, 
      177, 
      179
    ], 
    "aCOB": [
      156, 
      159, 
      161, 
      164, 
      166, 
      168, 
      170, 
      172, 
      174, 
      175, 
      176, 
      178, 
      179, 
      180, 
      180, 
      181, 
      181, 
      182, 
      182, 
      182, 
      182, 
      182, 
      183, 
      183, 
      183, 
      184, 
      184, 
      185, 
      186, 
      186, 
      187, 
      187, 
      188, 
      188, 
      189, 
      189, 
      190
    ], 
    "IOB": [
      156, 
      156, 
      156, 
      155, 
      154, 
      152, 
      149, 
      146, 
      143, 
      138, 
      134, 
      128, 
      123, 
      117, 
      111, 
      105, 
      100, 
      94, 
      89, 
      84, 
      80, 
      75, 
      71, 
      67, 
      64, 
      60, 
      58, 
      55, 
      53, 
      51, 
      49, 
      47, 
      46, 
      45, 
      44, 
      44, 
      43
    ]
  }, 
  "rate": 2.025, 
  "reason": "COB: 46, Dev: 46, BGI: -7.01, Target: 115; Eventual BG 179>=120, max_iob 2, 29m@1.525 = 0.737 > req 0.6180000000000001+0.1U", 
  "eventualBG": 179, 
  "recieved": false, 
  "duration": 26, 
  "tick": "+2"
}