{
  "bg": 108, 
  "temp": "absolute", 
  "snoozeBG": 169, 
  "recieved": true, 
  "predBGs": {
    "COB": [
      108, 
      113, 
      118, 
      123, 
      127, 
      131, 
      135, 
      139, 
      142, 
      145, 
      147, 
      149, 
      150, 
      151, 
      151, 
      151, 
      150, 
      149, 
      148, 
      146, 
      145, 
      143, 
      141, 
      139, 
      136, 
      134, 
      133, 
      131, 
      129, 
      127, 
      126, 
      125, 
      123, 
      122, 
      122, 
      121, 
      120
    ], 
    "aCOB": [
      108, 
      118, 
      127, 
      135, 
      142, 
      148, 
      153, 
      156, 
      158, 
      159, 
      159, 
      159, 
      158, 
      157, 
      156, 
      154, 
      152, 
      150, 
      148, 
      145, 
      143, 
      140, 
      138, 
      136, 
      134, 
      132, 
      130, 
      128, 
      126, 
      125, 
      123, 
      122, 
      121, 
      120, 
      119, 
      118, 
      117
    ], 
    "IOB": [
      108, 
      113, 
      118, 
      122, 
      125, 
      129, 
      132, 
      134, 
      136, 
      137, 
      138, 
      138, 
      137, 
      136, 
      135, 
      133, 
      131, 
      129, 
      127, 
      124, 
      122, 
      119, 
      117, 
      115, 
      113, 
      111, 
      109, 
      107, 
      105, 
      104, 
      102, 
      101, 
      100, 
      99, 
      98, 
      97
    ]
  }, 
  "rate": 1.7, 
  "reason": "COB: 10, Dev: 24, BGI: 1.26, Target: 115; Eventual BG 150>=115, 29m@1.460 = 0.706 > req 0.45931758530183725+0.1U", 
  "eventualBG": 150, 
  "timestamp": "2016-05-05T22:15:05.432330", 
  "duration": 30, 
  "tick": "+7"
}