{
  "bg": 103, 
  "temp": "absolute", 
  "snoozeBG": 136, 
  "recieved": true, 
  "predBGs": {
    "COB": [
      103, 
      106, 
      109, 
      113, 
      117, 
      121, 
      125, 
      129, 
      133, 
      138, 
      142, 
      146, 
      151, 
      155, 
      159, 
      162, 
      165, 
      168, 
      170, 
      173, 
      175, 
      177, 
      179, 
      182, 
      184, 
      186, 
      188, 
      190, 
      192, 
      194, 
      197, 
      199, 
      201, 
      204, 
      206, 
      209, 
      212
    ], 
    "aCOB": [
      103, 
      111, 
      118, 
      126, 
      134, 
      143, 
      151, 
      158, 
      166, 
      174, 
      182, 
      189, 
      197, 
      203, 
      210, 
      215, 
      221, 
      225, 
      230, 
      234, 
      238, 
      241, 
      245, 
      248, 
      251, 
      254, 
      256, 
      259, 
      261, 
      264, 
      266, 
      268, 
      270, 
      271, 
      273, 
      275, 
      276
    ], 
    "IOB": [
      103, 
      106, 
      108, 
      111, 
      113, 
      115, 
      117, 
      119, 
      120, 
      121, 
      122, 
      122, 
      122, 
      122, 
      121, 
      121, 
      120, 
      118, 
      117, 
      115, 
      113, 
      112, 
      110, 
      109, 
      107, 
      106, 
      104, 
      103, 
      102, 
      100, 
      99, 
      98, 
      97, 
      97, 
      96, 
      96, 
      95
    ]
  }, 
  "rate": 1.35, 
  "reason": "COB: 48, Dev: 31, BGI: -2.13, ISF: 73.4, Target: 115; Eventual BG 212>=115, 27m@1.115 = 0.502 > req 0.2861035422343324+0.1U", 
  "eventualBG": 212, 
  "timestamp": "2016-05-16T21:52:52.640012", 
  "duration": 30, 
  "tick": "+3"
}